ID_Menu,Nama_Menu,Restoran,Kota
MNU000424,Cappuccino,RM Sederhana,DENPASAR
MNU000549,Rawon Surabaya,Restoran Tidak Diketahui,bANJARMASIN
MNU000732,Tidak Ada,,bOGOR
MNU000589,Mie Ayam Bakso,Resto Premium,Pekanbaru
MNU000033,Nasi Uduk,Depot Makan Enak,pALEMBANG
MNU000617,Nasi Uduk,Resto Premium,Surabaya
MNU000992,Es Teh Manis,Depot Makan Enak,PEKANBARU
MNU000994,Gado-gado,Warung Tyegal,Pekanbaru
MNU000892,Sate Ayam,Depot Makan Enak,Tangerang
MNU000924,Rendang Daging,Resto Premium,YOGYAKARTA
MNU000291,Rawon Surabaya,Depot Makabn Enak,bATAM
MNU000582,Jus Alpukat,Resto Premium,malang
MNU000635,Nasi Uduk,Warung Pak Budi,Bogor
MNU000159,Es Teh Manis,Rumah Makan Padang,BALIKPAPAN
MNU000366,Es Teh Manis,Kedai Soto,BEKASI
MNU000449,Gado-gado,Warung Tegal,jakarta
MNU000334,Cappuccino,Cafe Kopi Nusantara,Batam
MNU000496,Kopi Susu Gula Aren,Rumah Makan Padang,DEPOK
MNU000913,Bakso Urat,Cafe Kopi Nusantara,Bekasi
MNU000894,Cappuccino,Warung Pak Budi,Banjarmasin
MNU000057,Kopi Susu Gula Aren,Kedai Soto,MALANG
MNU000071,Soto Ayam Lamongan,Restoran Tidak Diketahui,Pontianak
MNU000486,Es Teh Manis,Restoran Tidak Diketahui,Pekanbaru
MNU000389,Ayam Bakar,WaruNg Tegal,mEDAN
MNU000529,Nasi Uduk,Depot Makan Enak,bEKASI
MNU000988,Soto Ayam Lamongan,Cafe Kopi Nusantara,Mandao
MNU000838,Nasi Padang,Resto Premium,Manado
MNU000372,Gado-gado,Resto Premium,bEKASI
MNU000712,Roti Bakar,Warung Tegal,Makassar
MNU000761,Nasi Goreng Spesial,Cafe Kopi Nusantara,BOGOR
MNU000657,Martabak Telor,Warung Tegal,mALANG
MNU000680,Ketoprak,Rumah Makan Padapng,Palembang
MNU000052,Opor Ayam,Resto Permium,Yogyakarta
MNU000278,Mie Ayam Bakso,Restoran Tidak Diketahui,Kota Tidak Diketahui
MNU000175,Jus Alpukat,Resto Premium,Kota Tidak Diketahui
MNU000618,Ketoprak,Warung Tegal,Bandtung
MNU000762,Cappuccino,Kedai Soto,bANUDNG
MNU000087,Soto Ayam Lamongan,Warung Tegal,SURABAYA
MNU000310,N/A,Resto Premium,Denpasar
MNU000699,Opor Ayam,Warung Pak Budi,Tangerng
MNU000390,Opor Ayam,Depot Makan Enak,Pekanbaru
MNU000707,Sate Ayam,Cafe Kopi Nusantara,MAKASSAR
MNU000678,Nasi Goreng Spesial,Cafe Kopi Nusantara,Pekanbaru
MNU000955,Kopi Susu Gula Aren,Kedai Soto,bogor
MNU000993,Opor Ayam,Warung Tegal,Surabaya
MNU000110,Ketoprak,Rumah Makan Padang,Yogyakarta
MNU000089,Opor Ayam,Warung Pak Budi,MEDAN
MNU000032,,KedAi Soto,Kota Tidak Diketahui
MNU000788,Ayam Bakar,Kedai Soto,Yogyakarta
MNU000544,Ketorpak,Cafe Kopi Nusantara,Semarang
MNU000193,Cappuccino,Rumah Makan Padang,bOGOR
MNU000494,Roti Bakar,Warung Pak Budi,BANJARMASIN
MNU000382,Cappuccino,Warung TEgal,semarang
MNU000200,Pecl Lele,Kedai Soto,Makassar
MNU000622,Gad-gado,Warung Tegal,Tangerang
MNU000845,Nasi Padang,RM Sederhana,badnung
MNU000934,Ayam Bakar,Rumah Makan Padang,yOGYAKARTA
MNU000661,Rawon Surabaya,Kedai Soto,BekaSi
MNU000454,Nasi Goreng Spesial,Warung Pak Budi,Manado
MNU000883,Jus Alpukat,Kedai Soto,Pontianak
MNU000441,,Warung Tegal,bandung
MNU000185,Rendang Daging,Restoran Tidak Diketahui,Tangexrang
MNU000693,Bakso Urat,Kedai Soto,Blikpapan
MNU000290,Kopi Susu Gula Aren,Depot Makan Enak,SURABAYA
MNU000855,Nasi Goreng Spesial,Cafe Kopi Nusantara,Pekanbaru
MNU000820,Es Teh Manis,Kedai Soto,dENPASAR
MNU000877,Ketoprak,Depot Makan Enak,Kota Tidak Diketahui
MNU000478,Ayam Bakar,Rumah Makan Padang,denpasar
MNU000532,,Warung Pak Budi,Makassar
MNU000826,Nasi Padang,Cafe Kopi Nusantara,BANDUNG
MNU000561,Jus Alpukat,Rumah Makan Padang,Surabaya
MNU000751,Tidak Ada,Cafe Kopi Nusantara,Depok
MNU000597,Martabak Telor,Kedai Soto,Manado
MNU000378,Roti Bakar,RM Sederhana,jakarta
MNU000114,Martabak Telor,Resto Premium,BANJARMASIN
MNU000579,Ayam Bakar,RM Sederhana,BEkasi
MNU000890,Cappuccino,Depot Makan Enak,jAKARTA
MNU000950,Bakso Urat,Warung Tegal,Balikpappan
MNU000882,Rawon Surabaya,Depot Makan Enak,PalembaNg
MNU000946,Martabak Telor,Restoran Tidak Diketahui,Banjarmasin
MNU000257,Kopi Susu Gula Aren,Depot Makan Enak,pekanbaru
MNU000612,Gado-gado,Warung Tegal,sURABAYA
MNU000108,Opo rAyam,Cafe Kopi Nusantara,bEKASI
MNU000060,Bakso Urat,Cafe Kopi Nusantara,Bekasi
MNU000747,Nasi Goreng Spesial,RM Sederhana,Denpasar
MNU000352,Ayam Bakar,RM ederhana,dEOK
MNU000719,Ketoprak,Warung Pak Budi,Depok
MNU000405,Es Teh Manis,Restoran Tidak Diketahui,bANDUNG
MNU000534,Tidak Ada,Depot Makan Enak,Bekasi
MNU000024,Rendang Daging,Warung Tegal,BANJARMASIN
MNU000905,Nasi Goreng Spesial,Resto Premium,MAKASSAR
MNU000142,Nasi Goreng Spesial,Cafe Kopi Nusantara,dENPASAR
MNU000502,Ayam Bakar,Resto Premium,pontiaank
MNU000440,Pecel Lele,RM Sederhana,bOgor
MNU000356,Opor Ayam,Depot Makan  Enak,yogyakarta
MNU000984,Capppuccino,Warung Tegal,BOGOR
MNU000888,Nasi Uduk,Kedai Soto,Badnung
MNU000465,Gado-gado,Cafe Kopi Nusantara,bALIKPAPAN
MNU000102,Nasi Uduk,Rumaah Makan Padang,jAKARTA
MNU000179,Opor Ayam,Warung Tegal,Denpasyar
MNU000562,Rawon Surabaya,Restoran Tidak Diketahui,Baqtam
MNU000789,Cappuccino,Caafe Kopi Nusantara,Denpasar
MNU000961,Gado-gado,Depot Makan Enak,Yogyakarta
MNU001000,Roti Bakar,Kedaci Soto,MALANG
MNU000337,Cappuccino,Cafe Kopi Nusantara,semarang
MNU000585,Nasi Goreng Spesial,RM Sederhana,Medan
MNU000528,n/a,Warung Pak Budi,Kota Tidak Diketahui
MNU000050,Pecel Lele,RM Sederhana,Semarang
MNU000812,Nasi Uduk,RM Sederhana,banjarmasin
MNU000696,Nasi Uduk,Warung Pak Budi,bALIKPAPAN
MNU000634,none,Rumah Makang Padang,Manado
MNU000981,Nasi Goreng Spesial,Warung Tegal,Batam
MNU000077,Gado-gdado,Kedai Soto,Jakarta
MNU000986,Cappuccino,Cafe Kopi Nusantara,Yogyakarta
MNU000011,Gado-gado,Kedai Sioto,bATAM
MNU000721,,Rumah Makan Padang,balikpapan
MNU000199,none,Rumah Makan Padang,Jakarta
MNU000335,Gado-gado,Depot Makan Enak,BANDUNG
MNU000209,Nasi Goreng Spesial,Cafe Kopi Nusantara,Makassar
MNU000848,Mie Ayam Bakso,Kedai Soto,sEMARANG
MNU000219,Opor Ayam,Rumah Makan Padang,Batam
MNU000248,Martabak Telor,Kedai Soto,bandung
MNU000524,Rawon Surabaya,Resto Premium,Pekanbaru
MNU000468,,Restoran Tidak Diketahui,Semarang
MNU000097,Martabak Telor,Cafe Kopi Nusantara,bANJARMASIN
MNU000084,Sate Ayam,Cafe Kopi Nusantara,Kota Tidak Diketahui
MNU000459,Sate Ayam,Kedai Soto,Surabaya
MNU000399,Opor Ayam,RM Sederhana,makassar
MNU000817,Mie Ayam Bakso,Resto Premium,depok
MNU000714,Kopi Susu Gula Aen,Depot Makan Enak,Palembang
MNU000293,Nasi Padang,Cafe Kopi Nusantara,Bandung
MNU000140,Ayam Bakar,Rumah Makan Padang,jakarta
MNU000759,Nasi Uduk,Warung Tegal,Batam
MNU000775,Soto Ayam Lamongan,Cafe Kopi Nusantara,PEKANBARU
MNU000716,Tidak Ada,Warung Tegal,Denpasar
MNU000472,Roti Bakar,Warung Pak Budi,Bekasi
MNU000433,Kopi Susu Gula Aren,Depot Makan Enak,MANADO
MNU000079,Martabak Telor,Cafe Kopi Nusantara,Denpasar
MNU000539,Martabak Telor,RM Sederhana,Banjarmasin
MNU000210,Rawon Surabaya,Warung Tegal,MaEDAN
MNU000925,Nasi Padang,Warung Tegal,Bogor
MNU000463,Mie Ayam Bakso,Cafe Kopi Nusantara,Pontianak
MNU000797,Nasi Goreng Spesial,RM Sederhana,makassar
MNU000040,Pecel Lele,Resto Premium,dEPASAR
MNU000031,Roti Bakaar,RM Sederhana,yOGYAKARTA
MNU000908,Rawon Surabaya,Rumah Makan Padang,Batam
MNU000137,Mie Ayam Bakso,Rumah Makan Padang,Bandung
MNU000055,Bakso Urat,Cafe Kopi Nusantara,Yogyakarta
MNU000842,Ketoprak,Cafe Kopi Nusantara,bATAM
MNU000274,Rawon Surabaya,Warung Tegal,Tangerang
MNU000923,Kopi Susu Gula Aren,Depot Makan Enak,yOGYAKARTA
MNU000569,Kopi Susu Gula Aren,Resto Premium,pALEMBANG
MNU000004,Roti Bakar,Resto Premium,balikpapan
MNU000308,Ayam Bakar,Cafe Kopi NUsantara,Jakarta
MNU000299,Bakso Urat,RM Setderhana,yOGYAKARTA
MNU000872,Es Teh Manis,Rumah Makan Padang,Banjarmasin
MNU000656,Pecel Lele,Rumah Makan Padang,Banjarmasin
MNU000935,Jus Alpukat,Cafe Kopi Nusantara,Pekanbaru
MNU000757,Cappuccino,Kedai Soto,YOGYAKARTA
MNU000508,Kopi Susu Gula Aren,Depot Makan Enak,yogyakarta
MNU000059,Pecel Lele,Resto Premium,medan
MNU000064,Nasi adang,RM Sederhana,Jaikarta
MNU000436,Jus Alpukat,Rumah Makan Padang,Malang
MNU000353,n/a,Kedai Soto,mANADO
MNU000101,Cappuccino,Depot Makan Enak,Semarang
MNU000169,Rendang Daging,Warung Pak Budi,Kota Tidak Diketahui
MNU000588,Roti Bakar,Warung Pak Budi,Bogor
MNU000333,Jsu Alpukat,Depot Makan Enak,Bogor
MNU000895,Martabak Telor,Resto Premium,Yogyakarta
MNU000567,Rawno Surabaya,Warung Tegal,batam
MNU000530,Martabak Telor,RM Sederhana,Medan
MNU000244,Sate Ayam,Depot Makan Enak,tangerang
MNU000245,Ketoprak,Depot Makan Enak,Makassar
MNU000443,Rendang Daging,Kedai Soto,JAKARTA
MNU000421,Gado-gado,Kedai Soto,suraBaya
MNU000514, ,Warung Pak Budi,BOGOR
MNU000211,Rendang Daging,Rest Premium,sURABAYA
MNU000067,Rendang Daging,Cafe Kopi Nusantara,jAKARmTA
MNU000295,n/a, ,tanegrang
MNU000068,Opor Ayam,Cafe Kopi Nusanntara,Yogyakarta
MNU000778,Rawonn Surabaya,Depot Makan Enak,Jakarta
MNU000013,Nasi Uduk,Cafe Kopi Nusantara,Surabaya
MNU000332,Jus Alpukat,Restoran Tidak Diketahui,Kota Tidak Diketahui
MNU000523,Mie Ayam Bakso,Warung Pak Budi,uSrabaya
MNU000431,Es Teh Manis,Kedai Soto,bATAM
MNU000555,Ayam Bakar,Warung Pak Buudi,DENPASAR
MNU000909,Kopi Susu Gula Aren,Rumah Makan Padang,Balikpapan
MNU000717,Soto Ayam Lamongan,Caf eKopi Nusantara,Semarang
MNU000320,Nasi Goreng Spesial,Kedai Soto,medan
MNU000216,Tidak Ada,Warung Pak Budi,yOGYAKARTA
MNU000446,Nasi Goreng Spesial,Warung Tegal,Depok
MNU000300,Nasi Goreng Spesial,Warung Tegal,Tangerang
MNU000939,Rendang Daging,Warung Pak Budi,Surabaya
MNU000497,Opor Ayam,Rumah Makan Padang,Manado
MNU000849,Ketoprak,Rumah Makan Padang,Banjarmasin
MNU000870,Roti Bakar,Depot Makan Enak,pALEMBANG
MNU000232,Ketoprak,Rumah Makan Padang,bEKASI
MNU000401,Nasi Goreng Spesial,RM Sederhana,MALANG
MNU000347,Jus Alpukat,Warung Pak Budi,YOGYAKARTA
MNU000003,Nasi Goreng Spesial,Kedai Soto,mAKASSAR
MNU000495,Opor Ayam,Rumah Makan Padang,Banjarmasin
MNU000733,Es Teh Manis,Rumah Makan Padang,pontianak
MNU000802,aNsi Uduk,Warung Pak Budi,Kota Tidak Diketahui
MNU000880,Ayam Bakar,RM SederhAna,tangerang
MNU000614,Soto Ayam Lamongan,RM Sederhana,Palelmbang
MNU000319,Roti Bakar,Kedai Soto,maNado
MNU000517,Pecel Lele,RM Sederhana,bATAM
MNU000844,Roti Bakar,Depot Makan Enak,pEKANBARU
MNU000917,Meartabak Telor,Cafe Kopi Nusantara,Pontianak
MNU000754,Roti Bakar,Depot Makan Enak,Balikpapan
MNU000410,Tidak Ada,Kedai Soto,Surabaya
MNU000276,Opor Ayam, ,DEPOK
MNU000629,SAte Ayam,RM Sederhana,BANDUNG
MNU000645,Ayam Bakar,Resto Premium,pekanbaru
MNU000885,Ketoprak,Resto Premium,manado
MNU000592,Rendang Daging,Warung Tegal,bandung
MNU000343,Pecel Lele,Resto Premium,Bekasi
MNU000854,none,Depot Makan Enk,mALANG
MNU000313,Rendang Daging,Cafe Kopi Nusantara,Palembang
MNU000309,Mie Ayam Bakso,Depot Makan Enak,Pontianak
MNU000737,Ayyam Bakar,Restoran Tidak Diketahui,Bekasi
MNU000238,Pecel Lele,Rumah Makan Padang,jAKARTA
MNU000324,Nasi Padang,Resto Premium,pOTIANAK
MNU000307,Mie Ayam Bakso,Rumah Makan Padang,bEASI
MNU000969,Mie Ayam Bakso,RM Sederhana,pALEMBANG
MNU000351,Nasi Goreng Spesial,RM Sederhana,Jiakarta
MNU000107,Gado-gado,Cafe Kopi Nusantara,bLIKPAPAN
MNU000606,Es Teh Manis,Resto Premium,Pekanbaru
MNU000056, ,Cafe Kopi Nusantara,depok
MNU000214,Opor Ayam,Cafe Kopi Nusantara,bOGOR
MNU000121,Ketoprak,Resto Premium,Bogor
MNU000558,Roti Bakar,Depot Makan Enak,Jakarta
MNU000026,Ayam Bakar,Cafe Kopi Nusantara,Denpasar
MNU000073,Kopi Susu Gula Aren,Restoran Tidak Diketahui,SURABAYA
MNU000991,Tidak Ada,Warung Tegal,BALIKPAPAN
MNU000045,none,Warung Pak Budi,makassar
MNU000603,Opor Ayam,Depot Makan Enak,palembang
MNU000498,Es Teh Manis,Cafe Kopi Nusantara,Surabaya
MNU000741,Ayam Bakar,Depot Makan Enak,Bandung
MNU000281,Rendang Daging,Warung Pak Budi,MALANG
MNU000227,Kopi Susu Gula Aren,Cafe Kopi Nusantara,Kota Tidak Diketahui
MNU000391,Es TeH Manis,Warung Pak Budi,Makassar
MNU000414,,Resto Premium,Medan
MNU000412,Nasi Pdaang,WArung Pak Budi,SEMARANG
MNU000287,Soto Ayam Lamongan,Rumah Makan Padang,Kota Tidak Diketahui
MNU000329,n/a,Cafe Kopi Nusantara,DENPAASAR
MNU000740,Martabak Telor,RM Sederhana,TANGERANG
MNU000425,Cappuccino,Depot Makan Enak,SURABAYA
MNU000738,Soto Ayam Lamongan,Warung Pak Budi,PEKANBARU
MNU000261,Gado-gado,Resto Premium,Palembang
MNU000491,Nasi Padang,Cafe Kopi Nusantara,pontianak
MNU000662,Nasi Goreng Spesial,RM Sederhana,BOGOR
MNU000362,Nasi Uduk,Warung Pak Budi,Yogyakarta
MNU000360,Roti Bakar,Cafe Kopi Nusantara,Tangerang
MNU000941,Mie Ayam Bakso,Cafe Kopi Nusantara,Banduung
MNU000061,Opor Ayam,Warung Tegal,BANDUNG
MNU000429,Rawn Surabaya,Rumah Makan Padang,Jakarta
MNU000093,Soto Ayam Lamongan,RM Sederhana,Pekanbaru
MNU000683,Rawon Surabaya,RM Sederhana,Palembang
MNU000266,Jus Alpukat,Warung Pak Budi,Pontianak
MNU000746,Kopi Susu Gula Aren,Cafe Kopi Nussantara,Malang
MNU000960,Gado-gado,Restoran Tidak Diketahui,Bandung
MNU000395,Rendang Daging,Resto Premium,Bandung
MNU000322,Cappuccino,Rumah Makan Padang,Makassar
MNU000183,Es Tfeh Manis,Depot Makan Enak,Depok
MNU000520,Roti Bakar,Restoran Tidak Diketahui,MANADO
MNU000297,Nasi Uduk,Resto Premium,BATAM
MNU000111,Roti Bakar,Resto Premium,balikpapan
MNU000912,Nasi Padang,RM Sederana,Tangerang
MNU000911,Mie Ayam Bakso,Warung Tegal,balikpapan
MNU000507,Pecel Lele,Depot Makan Enak,makassAr
MNU000886,Martabka Telor,Resto Premium,ManAdo
MNU000818,N/A,Resto Premium,Palembang
MNU000586,Nasi Padang,Restoran Tidak Diketahui,Manado
MNU000262,Nasi Goreng Spesial,Rumah Makan Padang,Palembang
MNU000689,KopiS usu Gula Aren,Warung Tegal,PEKANBARU
MNU000526,Gado-gado,Warung Pak Budi,Pnotianak
MNU000542,Nasi Padang,Warung Pak Budi,MALANG
MNU000833,Roti Bakar,Warung Pak Budi,Kota Tidak Diketahui
MNU000138,Nasi Uduk,Depot Makan Enak,YOGYAKARTA
MNU000910,Sate Ayam,Warung Tegal,Palembang
MNU000659,Ayam Bakar,Resto Premium,Pekanbaru
MNU000856,Nasi Goreng Spesial,Rumah Makan Padang,deopk
MNU000328,Cappuuccino,Depot Makan Enak,Bekasi
MNU000637,Nasi Padang,Depot Makan Enak,Kota Tidak Diketahui
MNU000615,Soto Ayam Lamongan,Warung Pak Budi,Balikpapan
MNU000030,Kopi Susu Gul aAren,Warung Tegal,Bandung
MNU000166,Kopi Susu Gula Aren,Resto Premium,Yogyakarta
MNU000249,Cappuccino,Resto Preamium,Surabaya
MNU000479,Nasi Goreng Spesial,Cafe Kopi Nusantara,Banjarmasin
MNU000345,Bakso Urat,Waruung Tegal,JakArta
MNU000829,Nasi Padang,Depot Makan Enak,MANADO
MNU000729,Ketoprak,RM Sederhana,Banjarmasin
MNU000573,Es Teh Manis,Warung Tegal,Medan
MNU000381,Sate Ayam,Depot Makan Elnak,bandung
MNU000954,Ketoprak,Rumah Makan Padang,Banjarmasin
MNU000559,Es Teh Manis,Rumah Makan Padang,SurabaYa
MNU000066,Nasi Goreng Spesial,Restoran Tidak Diketahui,Malang
MNU000983,Tidak Ada,Warung Tegal,Pekanbaru
MNU000944,Pecel Lele,Kedai Soto,Medan
MNU000368,Cappuccino,Warung Pak Budi,balikpappan
MNU000255,Martabak Telor,Cafe Kopi Nusantara,Yogyakarta
MNU000763,,Warung Teagl,BATAM
MNU000363,Soto Ayam Lamongan,Warung Pak Budi,Palembang
MNU000222,Ayam Bakar,Kedai Soto,Jakarta
MNU000236,Sate Ayam,Cafe Kopi Nusantara,jakarta
MNU000406,Rendang Daging,Depot Makan Enak,PALEMBANG
MNU000914,Gado-gado,Warung Pak Budi,surabaoya
MNU000306,Ayam Bakar,Warung Pak Bui,Makassar
MNU000758,Sate Aaym,RM Sederhana,mAKASSAR
MNU000791,Cappuccino,RM Sederhana,mANADO
MNU000753,Mie Ayam Bakso,RM Sederhana,Malang
MNU000250,Pecel Lele,Depot Makan Enak,MANADO
MNU000884,Cappuccino,Resto Premium,Pekanbaru
MNU000458,Roti Bakar,Warung Tegal,bTAAM
MNU000072,Sate Ayam,RM Sederhana,Pontinak
MNU000095,Nasi Goreng Spesial,Warung Pak Budi,Bandung
MNU000034,Martabak Telor,Warung Tegal,Jakarta
MNU000742,Cappuccino,Depot Makan Enak,Balikpapan
MNU000260,Soto Ayam Lamongan,Warung Tegal,SEMARANG
MNU000205,Ketoprak,Warung Pak Budi,TANGERANG
MNU000428,Soto Ayam Lamongan, ,yOGYAKARTA
MNU000814,Martabak Telor,Resto Premium,Tangerang
MNU000772,Soto Ayam Lamongan,Cafe Kopi Nusantara,Batam
MNU000078,Cappuccino,RM Sederhana,medan
MNU000085,Es Teh Manis,Warung Tegal,DENPASAR
MNU000616,Martabak Telor,Kedai Soto,tangerang
MNU000083,Rawon Surabaya,Cafe Kopi Nusantara,Kota Tidak Diketahui
MNU000483,Ketoprak,Rumah Makan Padang,Manado
MNU000725,Tidak Ada,Warung Tegal,Kota Tidak Diketahui
MNU000595,Kopi Susu Gula Aren,Warung Tegal,palembang
MNU000810,Martabak Telor,Kedai Soto,malang
MNU000835,Martabak Telor,Cafe Kopi Nusantara,bekasi
MNU000006,Opor Ayam,Rumah Makan Padang,Kota Tidak Diketahui
MNU000311,Nasi Padang,RM Sederhana,Makassar
MNU000824,Gado-gado,Resto Premium,Malang
MNU000105,Sate Ayam,Keadi Soto,Palembang
MNU000098,Ketoprak,RM Sederhana,Banjarmasin
MNU000355,Sate Ayam,WaRung Tegal,Kota Tidak Diketahui
MNU000621,Roti Bakar,RM Sederhana,Bandung
MNU000315,Soto Ayam Lamongan,Warung Tegal,bALIKPAPAN
MNU000602,n/a,Depot MMakan Enak,pekanbaru
MNU000989,Tidak Ada,Resto Premium,Makassar
MNU000282,Tidak Ada,Warung Tegal,malang
MNU000600,,Cafe Kopi Nusantara, 
MNU000267,Sate Ayam,Depot Makan Enak,Tangerang
MNU000537,Gado-gado,Cafe Kopi Nusantara,MANADO
MNU000926,Soto Ayam Lamobngan,Rumah Makan Padang,sEMARANG
MNU000666,Kopi Susu Gula Aren,Cafe Kopi Nusantara,Surabaya
MNU000505,N/A,Cafe Kopi Nusantara,pEKANBARU
MNU000997,Gado-gado,RM Sederhana,Bandung
MNU000598,Es Teh Maanis,Resto Premium,Manado
MNU000119,Kopi Susu Gula Aren,Cafe Kopi Nusantara,bALIKPAPAN
MNU000929,Opor Ayam,Warung Tegal,Batam
MNU000251,Cappuccino,Rumah Makan Padang,Bogor
MNU000605,BaksoUrat,Wanrung Pak Budi,Jakarta
MNU000286,Roti Bakar,Resto Premium,MALANG
MNU000437,Bakso Urat,Rumah Makan Padmang,Kota Tidak Diketahui
MNU000010,Mie Ayam Bakso,Cafe Kopi Nusantara,Batam
MNU000426,Martabak Telor,Kedai Soto,Semaraang
MNU000197,Cappuccino,Cafe Kopi Nusantara,bEKASI
MNU000695,Pecel Lele,Warunjg Pak Budi,bATAM
MNU000371,Ketoprak,Kedai Sooto,Denpasar
MNU000082,Kopi Susu Gula Aren,Resto Premium,Kota Tidak Diketahui
MNU000584,Soto Ayam Laamongan,Resto Premium,Pekanbaru
MNU000938,Es Teh Manis,Warung Pak Budi,semarang
MNU000240,Kopi Susu Gula Aren,Resto Premium,depok
MNU000847,Nasi Uduk,Warung Tegal, 
MNU000212,Ketoprak,Cafe Kopi Nusantara,TANGERANG
MNU000821,NasiUduk,Cafe Kopi Nusantara,Jakrata
MNU000476,Martabak Telor,RM Sederhana,bekasi
MNU000552,Gado-gado,Cafe Kopi Nusantara,Tangerang
MNU000228,Nasi Goreng Spesial,WarungT egal,denpasar
MNU000977,Cappuccino,Warung Pak Budi,yogyakarta
MNU000596,Bakso Urat,Cafe Kopi Nusantara,Bogor
MNU000452,Nasi Padang,Depot Makan Enak,Tangerang
MNU000178,Pecel Lele,Warung Tegal,Kota Tidak Diketahui
MNU000466,Mie Ayam Bakso,Restoran Tidak Diketahui,dENPASAR
MNU000515,Pecel Lele,Warung Pak Budi,balikpapan
MNU000480,Opor Ayam,Rumah Makan Padang,semaraNg
MNU000632,Rendang Dagng,Rumah Makan Padang,surabaya
MNU000865,Bakso Urat,Warung Tegal,PONTIANAK
MNU000500,Opor Ayam,Warung Tegal,Bandung
MNU000487,Jus Alpukat,Kedai Soto,Pontianak
MNU000008,Nasi Padang,Cafe Kopi Nusantara,Bogor
MNU000928,Bakso Urat,Warung Pak Budi,pontianak
MNU000156,Ketoprak,Resto Premium,Yogyakarta
MNU000358,Nasi Uduk,Warung Pak Budi,Bandung
MNU000619,Roti Bakar,Depot Makan Enak,bATAM
MNU000224,Mie Ayam Bakso,Warung Tegal,Balikpapan
MNU000330,Tidak Ada,Warung Tegal,Kota Tidak Diketahui
MNU000665,Cappuccino,RM Sederhana,bandung
MNU000519,Nasi Goreng Spesial,Resto Premium,depok
MNU000889,Jus Alpukat,Rumah Makan Padang,PALEMBANG
MNU000651,Mie Ayam Bakso,RM Sederhana,Yogyakarta
MNU000862,Martabak Telor,Warung Tegal,bogor
MNU000650,Soto Ayam Lamongan,Warung Pak Budi,Bandung
MNU000685,Opor Ayam,Keda Soto,Kota Tidak Diketahui
MNU000453,Nasi Padang,Warung Tegal,Malang
MNU000786,Martabak Telor,Rumah Makan Padang,dENPASAR
MNU000504,Nasi Goreng Spesial,RM Sederhana,PEKANBARU
MNU000647,Jus Alpukat,Resto Premium,Pekanbaru
MNU000669,Ayam Bakar,Restoran Tidak Diketahui,bATAM
MNU000809,Ketoprak,Warung Tegal,balikpapan
MNU000794,Ayam Bakar,Resto Premium,Yogyakarta
MNU000164,Roti Bakar,Warung Pak Budi,pONTIANAK
MNU000229,Rendang Daging,Rumah Makan Padang,Tangerang
MNU000594,Nasi Padang,Depot Makan Enak,Yogyakarta
MNU000834,KetoPrak,Warung Pak Budi,Bandung
MNU000213,Roti Bakar,Warung Pak Budi,Makassar
MNU000875,Es Teh Manis,Cafe Kopi Nusantara,pekanbaru
MNU000080,Nasi Padang,Kedai Soto,Depok
MNU000149,Opfor Ayam,Rumah Makan Padang,Palembang
MNU000303,Opor Ayam,Warung Pak Bdi,Pekanbaru
MNU000448,Mie Ayam Bakso,Resto Premium,PEKANBARU
MNU000430,Opor Ayam,Warung Teggal,Manado
MNU000583,Jus Alpkuat,Depot Makan Enak,PalemBang
MNU000531,Roti Bakar,Warung Tegal,Banjarmasin
MNU000044,Nasi Padang,Restoran Tidak Diketahui,PEKANBARU
MNU000450,Nasi Padang,RM Sederhana,Baatam
MNU000134,Ketoprak,Warung Tegal,Surabaya
MNU000630,Ayam Bakar,Deopt Makan Enak,depok
MNU000482,Martabak Telor,Depot Makan Enak,Batam
MNU000576,Pecel Lele,Warung Tegal,mEDAN
MNU000312,Opor AyAm,Kedai Soto,YOGYAKARTA
MNU000409,Soto Ayam Lamongan,Warung Pak Budi,Malang
MNU000546,Bakso Urat,Kedai Soto,DEPOK
MNU000698,Nasi Goreng Spesial,Depot Makan Enak,Pekanbaru
MNU000550,Roti Bakar,Kedai Soto,Bekasi
MNU000931,Nasi Uduk,Cafe Kopi NusaNtara,Surabaya
MNU000860,Roti Bakar,Depot Makan Enak,jakarta
MNU000001,Roti Bakar,Restoran Tidak Diketahui,Bokgor
MNU000423,Kopi Susu Gula Aren,Depot Makan Enak,Balikpapan
MNU000361,Nasi Goreng Spesial,Resto Premium,depok
MNU000383, ,Cafe Kopi Nusantara,blaikpapan
MNU000317,Bakso Urat,Restoran Tidak Diketahui,DENNPASAR
MNU000808,Roti Bakar,Kedai Soto,bOGOR
MNU000627,Cappcucino,Rumah Makan Padang,sURABAYA
MNU000553,Nasi Goreng Spesial, ,balikpapan
MNU000667,Raon Surabaya,RM Sederhana,balikpapan
MNU000722,Mie Ayam Bakso,Cafe Kopi Nusantara,mALANG
MNU000623,Nasi Uduk,Rumah Makan Padang,jAKARTA
MNU000173,,Depot Makan Enak,SurAbaya
MNU000451,Mie Ayam Bakso,Rumah Makan Padang,pEKANBARU
MNU000126,Es Teh Manis,Cafe Kopi Nusantara,bekasi
MNU000919,Pecel Lele,Resto Premium,sEMARANG
MNU000674,Gado-gado,Rumah Makan Padang,batam
MNU000091,Gado-gado,Rumah Makan Padang,yOGYAKARTA
MNU000182,Roti Baakar,Depot Makan Enak,Balikpapan
MNU000364,Rawon Surabaya,Warung Pak Budi,Bandung
MNU000535,Soto Ayam Lamongan,Warung Pak Budi,Kota Tidak Diketahui
MNU000275,Mie Ayam Bakso,Restoran Tidak Diketahui,mALANG
MNU000904,Martabak Telor,Warung Tegal,Banjarmasin
MNU000070,Roti Bakar,Rumah Makan Padang,Medan
MNU000292,Ayam Bakar,Cafe Kopi Nusantara,Denpasar
MNU000132,Sate Ayam,Warung Pak Budi,Bekasi
MNU000301,Rendang Daging,RM Sederhana,Palembang
MNU000543,,Warung Tegal,bandung
MNU000327,Cappuccino,Kedai Soto,Bogor
MNU000145,Roti Bakar,RM Sederhana,semarang
MNU000540,Tidak Ada,Restoran Tidak Diketahui,Banjaarmasin
MNU000668,Cappuccino,Warung Pak Budi,Jakarta
MNU000971,Mie Ayam Bakso,Restoran Tidak Diketahui,Kota Tidak Diketahui
MNU000136,Opor Ayam,Cafee Kopi Nusantara,MAKASSAR
MNU000339,Gado-gado,Cafe Kopi Nusantara,bogor
MNU000868,Mie Ayam Bakso,Rumah Maka nPadang,Batam
MNU000165,Gado-gado,Warung Pak Budi,Tangerang
MNU000029,N/A,Kedai Soto,Batam
MNU000644,Ketoprak,Restoran Tidak Diketahui, 
MNU000194,Kopi Susu Gula Aren,Cafe Kopi Nusantara,bOGOR
MNU000731, ,Depot Makan Enak,Manado
MNU000434,Soto Ayam Lamongan,Rumah Makan Padang,boor
MNU000815,Mie Ayam Bakso,Warung Pak Budi,makassar
MNU000170,Es Teh Manis,Cafe Kopi Nusantara,Depok
MNU000723,Gado-gado,Resto Premium,makassar
MNU000141,Ketoprak,Warung Pak Budi,Kota Tidak Diketahui
MNU000174,Opor Ayam,Resto Premium,PONTIANAK
MNU000007,Bakso Urat,Depot MakanE nak,depok
MNU000735,Sate Ayam,Restoran Tidak Diketahui,Surabaya
MNU000568,Rawon Surabaya,Warung Tegal,Palembang
MNU000492,N/A,Resto Premium,PONTIANAK
MNU000590,Ayam Bakar,Kedai Stoo,Denpasar
MNU000074,Ayam Bakar,RM Sederhana,banndung
MNU000782,Martabak Telor,Cafe Kopi Nusantara,Bekasi
MNU000533,Soto Ayam Lamongan,Resto Premium,JAKARTA
MNU000239,Es Teh Manis,Cafe Kopi Nusantara,sEMARANG
MNU000146,Rawon Surabaya,Kedai Soto,SURABAYA
MNU000903,Rawon Surabaya,Warung Tegal,SURABAYYA
MNU000235,Nasi Udk,Rumah Makan Padang,bOGOR
MNU000221,Pecel Lele,Rumah Makan Padang,Pontianak
MNU000215,,Rumah Makan Padang,Pontianak
MNU000756, ,RM Sederhana,surabaya
MNU000133,,Depot Makan Enak,Palembang
MNU000963,Roti Bakar,Warung Pak Budi,Kota Tidak Diketahui
MNU000591,,Cafe Kopi Nusantara,Pontianak
MNU000186,Martabak Telor,Kedai Soto,YOGYAKARTA
MNU000042,Cafppuccino,Depot Makan Enak,bandung
MNU000109,Bakso Urat,Cafe Kopi Nusantara,Denpasar
MNU000676,Roti Bakar,Warung Pak Budi,Kota Tidak Diketahui
MNU000527,Es Teh Manis,Retso Premium,BOGOR
MNU000799,Kopi Susu Gula Aren,Kedai Soto,Jakarrta
MNU000484,Soto Ayam Lamongan,Warung Pak Budi,bEKASI
MNU000469,Nasi Padang,RM Sederhana,Jakarta
MNU000025,Nasi Padang,Depot Makan Enak,pONTIANAK
MNU000536,Roti Bakar,Warung Tegal, 
MNU000599,Nasi Goreng Spesial,Kedai Soto,jakarta
MNU000873,Rawon Surabaya,WarUng Pak Budi,Jakarta
MNU000793,Cappuccino,Restoran Tidak Diketahui,Makakssar
MNU000367,Jus Alpukat,Warung Tegal,bANJARMASIN
MNU000671,Bakso qUrat,Kedai Soto,Banjarmasin
MNU000384,Nasi Uduk,Rumah Makan Padang,Pekanbaru
MNU000455,Kopi Susu Gula Aren,Cafe Kopi Nusanttara,SURABAYA
MNU000265,Gado-gado,Resto Premium,makassar
MNU000781,Nasi Goreng Spesial,Depot Makan Enak,jAKARTA
MNU000445,Ketoprak,Depdot Makan Enak,BALIKPAPAN
MNU000396,Rendang Daging,Rumah Makan Padang,Denpasar
MNU000177,-,Depot Makan Enak,Banjarmasin
MNU000019,Jus Alpukat,Rumah Makan Padang,PONTIANAK
MNU000571,Cappuccino,Warung Tegal,Surabaya
MNU000653,Martabak Telor,Kedai Soto,bOGOR
MNU000062,Nasi Goreng Spesial,Cafe Kopi Nusantara,Bekasi
MNU000273,Rendang Daging,Cafe Kopi Nusantara,Bogor
MNU000279,Gado-gado,Resto Premium,Kota Tidak Diketahui
MNU000973,Rendang Daging,Cafe Kopi Nusantara,bATAM
MNU000369,Ketoprak,Warung Tegal,MAKASSAR
MNU000708,Kopi Susu Gula Aren,Warung Pak Budi,Bekasi
MNU000658,Bakso Urat,Cafe Kopi Nusantara, 
MNU000953,Nasi Uduk,Kedai Soto,pontianak
MNU000548,Rendang Daging,Cfe Kopi Nusantara,Surrabaya
MNU000701,Rendang Daging,Warung Pak Budi,Pekanbaru
MNU000755,Rendang Daging,Kedai Soto,batam
MNU000457,Ayam Bakar,Resto Premium,Batam
MNU000394,Rendang Daging,Depot Makan Enak,BALIKPAPAN
MNU000965,Cappuccino,Kedai Soto,Makassar
MNU000768,Martabak Telor,RumaH Makan Padang,pEKANBARU
MNU000376,Es Teh Manis,Resto Premium,MALmANG
MNU000413,Es Teh Manis,Warung Pak Budi,Jakarta
MNU000075,Es Teh Manis,Resto Premium,Bogor
MNU000501,Nasi Uduk,Depot Makan Enak,bANDUNG
MNU000852,Martabak Telor,Kedai Soto,bANDUNG
MNU000115,Ketoprak,Depot Makan Enak,batam
MNU000418,N/A,Depot Makan Enak,Depok
MNU000090,Sate Ayam,Depot Makan Enak,Bandung
MNU000987,Soto Ayam Lamongan,Warung Tegal,Maanado
MNU000697,Rawon Surabaya,Warung Tegal,bANDUNG
MNU000704,Bakso Urat,Depot Makan Enak,Jakarta
MNU000012,Soto Ayam Lamongan,Warung Tegal,Semarang
MNU000397,n/a,Warung Pak Budi,dENPASAR
MNU000876,Roti Bakar,RM Sederhana,malang
MNU000906,Rawon Surabaya,Cafe Kopi Nusantara,yOGYAKARTA
MNU000043,Nasi Uduk,RM Sederhana,bogor
MNU000168,Opor Ayam,Resto Premium,Kota Tidak Diketahui
MNU000417,Tidak Ada,Resto Premium,batam
MNU000577,Ayam Bakar,RM Sederhana,Semarang
MNU000936,Nasi Padang,Kedai Soto,sURABAYA
MNU000427,Gado-gado,Warung Tegal,Manado
MNU000545,Nasi Goreng Spesial,Rumah Makan Padang,BANJARMASIN
MNU000783,Jus Alpukat, ,Tagerang
MNU000705,Soto Ayam Lamongan,Rumah Makan Padang,SURABAYA
MNU000258,Kopi Susu Gula Aren,Warung Tegual,Yogyakarta
MNU000336,none,Warung Tegal,mAKASSAR
MNU000016,Rendang Daging,RM Sederhana,MEAN
MNU000325,Sate AAyam,Warung Tegal,depok
MNU000866,Ketoprak,Rumah Makan Padang,Tangerang
MNU000223,Rawon Squrabaya,Wajrung Tegal,tANGERANG
MNU000180,Nasi Uduk,Depot Mkaan Enak,bANJARMASIN
MNU000100,Jus Alpukat,Warung Pak Budi,JAKARTA
MNU000522,Jus Alpukat,Resto Premium,Denpasar
MNU000023,Nasi Goreng Spesial,RM Sederhana,Kota Tidak Diketahui
MNU000357,Roti bakar,Kedai Soto,Bekasi
MNU000765,Cappuccino,Warung Pak Budi,pekanbaru
MNU000982,Bakso Urat,Warung Pak Budi,tANGERANG
MNU000804,Martabak Telor,Kedai Soto,bALIKPAPAN
MNU000341,Bakso Urat,Kedai Soto,bandung
MNU000432,Nasi Padang,Cafe Kopi Nusantara,Medan
MNU000631,Nasi Uduk,Warung Tegal,deppok
MNU000951,Cappuccino,Kedai Soto,Kota Tidak Diketahui
MNU000204,Capppuccino,Rumah Makan Padang,Kota Tidak Diketahui
MNU000724,Es Teh Manis,Rumah Makan Padang,pekanbaru
MNU000094,Soto Ayam Lamongan,Kedai Soto,Kota Tidak Diketahui
MNU000744,Nasi Uduk,Cafe Kopi Nusantara,PALEMBANG
MNU000069,Soto Ayam Lamongan,Warung Tegal,Denpasar
MNU000715,Mie Ayam Bakso,Wuarung Tegal,Kota Tidak Diketahui
MNU000285,Cappuccino,Depot Makan Enak,mNAADO
MNU000916,Nasi Uduk,Warung Tegal,Jakarta
MNU000435,Cappuccino,Rumah Makan Padnag,Malang
MNU000154,Nasi Pdang,RM Sederhana,Banjarmasin
MNU000076,,Warung Pak Bnudi,Pontianak
MNU000837,Roti Bakar,Cafe Kopi Nusantara,pONTIANAK
MNU000581,Ayam Bakar,Resto Premium,Medan
MNU000447,Ayam Bakar,Warung Tegal,Medan
MNU000189,Es Teh Manis,Warung Tegal,surabaya
MNU000272,Jus Alpukat,Depot Makan Enak,Kota Tidak Diketahui
MNU000237,Opor Ayam,Resto Premium,pONTIANAK
MNU000488,Tidak Ada,Rumah Makan Padang,Pontianak
MNU000560,Nasi Padang,Depot Makan Enak,dEPOK
MNU000118,aRwon Surabaya,Depot Makan Enak,bandung
MNU000932,Sate Ayam,Kedai Soto,PALEMBANG
MNU000513,Ketoprak,Resto Premium,Balikpapan
MNU000940,Gado-gado,Rumah Makan Padang,BOGOR
MNU000679,Soto AyamLamongan,Resto Premium,Bogor
MNU000127,Ayam Bakar,Warung Pak Budi,pekanbaru
MNU000117,Kopi Susu Gula Aren,RM Sederhana,Kota Tidak Diketahui
MNU000474,Sate Ayam,Resto Premium,mEDAN
MNU000377,Kopi Susu Gula Aren,RM Sederhana,pALEMBANG
MNU000058,Rendang Daging,Warung Tegal,bOOR
MNU000604,Rawon Surabaya,Depot Makan Enak,Depok
MNU000980,Cappuccio,RM Sederhana,Kota Tidak Diketahui
MNU000106,Ayam Bakar,Kedai Soto,semakrang
MNU000636,Nasi Padang,Warung Tegal,bANDUNG
MNU000370,Ayam Bakar,Cafe Kopi Nusantara,Malang
MNU000269,Pecel Lele,Warung Pak Budi,Kota Tidak Diketahui
MNU000047,Es Teh Manis,Resto Premium,MAKASSAR
MNU000350,Ayam Bakar,Restoran Tidak Diketahui,bANDUNG
MNU000196,Ctappuccino,Restoran Tidak Diketahui,Malang
MNU000103,Soto Ayam Lamongan,Rumah Makan Padang,batam
MNU000952,Kopi Susu Gula Arn,Resto Premium,Makassar
MNU000907,Roti Bakar,RM Sederhana,BOGOR
MNU000790,,Resto Premium,Bekasi
MNU000843,Ayam Bakar,Cfae Kopi Nusantara,medan
MNU000264,,Rumah Makan Padang,manado
MNU000942,,RM Sedderhana,abtam
MNU000444,Es Teh Manis,Resto Premium,bATlAM
MNU000774,Gado-gado,Cafe Kopi Nusantara,Bekasi
MNU000305,Mie Ayam Bakso,Resto Premium,PONTIANAK
MNU000342,Sate Ayam,Rumah Makan Padang,Batam
MNU000690,Sate Ayam,Warung Pak Budi,TANGERANG
MNU000314,Bakso Urat,Restoran Tidak Diketahui,denpasar
MNU000150,Nasi Padang,Rumah Makan Padang,btaam
MNU000125,Rawon Surabaya,Cafe Kopi Nusantara,sEMARANG
MNU000897,Roti  Bakar,Cafe Kopi Nuszantara,yOGYAKARTA
MNU000937,Martabak Telor,Depot Makan Enak,Kota Tidak Diketahui
MNU000051,Sate Ayam,Rumah Makan Padang,Pontianbak
MNU000354,Martabak Telor,Depot Makan Enak,BATAM
MNU000143,Roti Bakar,Cafe Kopi Nusantara,Pontiaak
MNU000471,Es Teh Manis,Cafe Kopi Nusantara,Surabaya
MNU000654,Bakso Urat,Depot Makan Enak,Balikpapan
MNU000400,Martaabk Telor,Rumah Makan Padang,Makassar
MNU000718,Nasi Padang,Depot Makan Enak,Kota Tidak Diketahui
MNU000321, ,Warung Tegal,JAKARTA
MNU000020,Mie Ayam Bakso,Cafe Kopi Nusantara,Bandung
MNU000901,Martabak Telor,Resto Premium,BOGOR
MNU000921,Martabak Telor,Warung Pak Budi,Batam
MNU000408,Jus Alpukat,Warung Pak BuDi,SEMARANG
MNU000538,Opor Ayam,Depot Makan Enak,Makassar
MNU000713,Ayam Bakar,Cafe Kopi Nusantara,Malang
MNU000039,Soto Ayam Lamongan,Depot Makan Enak,Tangerang
MNU000176,Kopi Susu Gula Aren,RM Sederhana,Banjarmasin
MNU000246,Nasi Padang,Cafe Kopi Nusantara,Mean
MNU000945,Kopi Susu Gula Aren,Warung Pak Budi,denpasar
MNU000766,Gado-gado,Warung Pak Budi,bandung
MNU000226,,Resto Premium,Suraaya
MNU000979,Jus Alpukat,Restoran Tidak Diketahui,Medan
MNU000155, ,Depot akan Enak,malang
MNU000639,Tidak Ada,Warung Pak Budi,Pekanbaru
MNU000663,Nasi Goreng Spesial,Resto Premium,pekanbaru
MNU000288,Pecel eLele,Rumah Makan Padang,PONTIANAK
MNU000626,Nasi Goreng Spesial,RM Sederhana,YOGYAKARTA
MNU000686,Jus Alpukat,Resto Premium,Surabaya
MNU000694,none,Resto Premium,Manado
MNU000570,Roti bakar,Restoran Tidak Diketahui,DENPASAR
MNU000850,-,Warung Pak Budi,Jakarta
MNU000018,Mie Ayam Bakso,Warung Pak Budi,Pekanbaru
MNU000128,Martabak Telor,Warung Pak Budi,Makassar
MNU000323,Bakso Urat,Depot Makan Enak,Batam
MNU000256,Sate Ayam,RM Sederhana,mEDAN
MNU000009,Cappuccino,Cafe Kopi Nusantara,makassar
MNU000191,Nasi PadaNg,Depot Makan Enak,Malang
MNU000116,Opor Ayam,Resto PreMium,Tangerang
MNU000709,Nasi Uduk,Cafe Kopi Nusantara,DEPOK
MNU000607,Ketoprak,Warung Tegal,malang
MNU000181,Tidak Ada,R Sederhana,Depok
MNU000302,Bakso Urat,Cafe Kopi Nusantara,Semarang
MNU000867,Mardtabak Telor,Rumah Makan Padang,BEKASI
MNU000828,RawOn Surabaya,Rumah Makan Padang,Pontianak
MNU000784,Opor Aam,Warung Pak Budi,bandung
MNU000760,Ketoprak,Warung Pak Budi,Tangerang
MNU000518,Gado-gado,Warung Tegal,Jakarta
MNU000373,,Resto Premium,mALLANG
MNU000046,Sate Ayam,Warung Pak Budi,MAKASSAR
MNU000477,Kopi Susu Gula Aren, ,Banjaarmasin
MNU000158,Roti Bakar,Rumah Makan Padang,Bekasi
MNU000851,Nasi Uduk,RM Sederhana,mEDAN
MNU000172,Opor aAyam,RM Sederhana,Denpasar
MNU000017,Ayam Bakar,Depot Makan Enak,pONTIANAK
MNU000512,Mie Ayam Bakso,Cafe Kopi Nusantara,Yogyakarta
MNU000049,Nasi Uduk,Cafe Kopi Nusantara,Bekasi
MNU000192,Jus Alpukat,Cafe Kopi Nusantara,DEPOK
MNU000959,Bakso Urat,Warung Pak Budi,Surabaya
MNU000516,Nasi Goreng Spesial,Depot Makan Enak,SURABAYA
MNU000801,Gado-gado,Rumah Makan Padang, 
MNU000785,Jus Alpukat,Depot Makan Enak,Jakarta
MNU000481,Ketoprak,Rumah Makan Padang,palembang
MNU000284,Kopi Susu Gula Aren,Restoran Tidak Diketahui,Bogor
MNU000822,Nasi Goreng Spesial,Warung Pak Budi,MALANG
MNU000750,Roti Bakar,Depot Makan Enak,yOGYAKARTA
MNU000027,Ketoprak,Resto Premium,Semarang
MNU000893,Ketoprak,Resto Premium,manado
MNU000438,Soto Ayam Lamnogan,Warung Tegal,makasesar
MNU000779,,Depot Makan Enak,SEMARANG
MNU000365,Bakso Urat,Rumah Makan Padang,Kota Tidak Diketahui
MNU000230,Martabak Telor,Rumah Makan Padang,Medan
MNU000038,Roti Bakar,Warung Tegal,Semarang
MNU000670,Ayam Bakar,Warwung Tegal,Makassar
MNU000375,Nasi Goreng Spesial,Warung Tegal,Bekasi
MNU000470,Mie Ayam Bakso,Warung Tegal,SEMARANG
MNU000688,Rendang Daging,RM Sederhana,Manado
MNU000970,Ayam Bakar,Depto Makan Enak,Kota Tidak Diketahui
MNU000964,Nasi Goreng Spesial,Rumah Makan Padang,TANGERANG
MNU000831,Ayam Bakar,Cafe Kopi Nusantara,Bandung
MNU000195,Nasi Goreng Spesial,Kedai Sto,dENPASAR
MNU000975,Soto Ayam Lamongan,Cafe Kopi Nusantara,Yogyakarta
MNU000985,Kopi Susu Gula Aren,Rumah Makan Padang,Surabaya
MNU000948,Pecel Lele,RM Sederhana,MALANG
MNU000580,Nasi Uduk,Rumah Makan Padang,Surabaya
MNU000161,Sate Ayam,RM Sederhana,balikpapan
MNU000681,Rendang Daging,Depot Makan Enak,SuRabaya
MNU000015,Soto Ayam Lamongan,Cafe Kopi Nusantara,Semarang
MNU000163,Cappuccino,Warung Pak Budi,Manado
MNU000706,Rendang Daging,Warung Tegal,Makassar
MNU000803,Opor Ayam,Depot Makan Enak,Batam
MNU000153,Jus Alpukat,Warung Tegal,PEKANBARU
MNU000972,Ayam Bakar,Cafe Kopi NNusantara,tANGERANG
MNU000800,Sate AyAm,KedaI Soto,bogor
MNU000112,Roti Bakar,Resto Premium,BOGOR
MNU000787,Bakso Urat,Warung Tegal,BATAM
MNU000104,Kopi Susu Gula Aren,RM Sederhana,Palembang
MNU000422,Opor Ayam,Warung Tegal,Tangerang
MNU000420,Opor Ayam,Rumah Makan Padang,Tangedrang
MNU000242,Tidak Ada,RM Sederhana,bekasi
MNU000587,N/A,RM Sederhana,JAKARTA
MNU000891,Martabak Telor,Rumah Makan Padang,Balikpapan
MNU000673,Gado-gajdo,Cafe Kopi Nusantara,Medan
MNU000120,Ayam Bakar,Resto Premium,yOGYAKARTA
MNU000054,Pecel Lele,Restoran Tidak Diketahui,Medan
MNU000152,Roti Bakar,Warung Pak Budi,MAKASSAR
MNU000404,none,Warung Pak Budi,Kota Tidak Diketahui
MNU000208,Tidak Ada,Warung Pak Budi,batam
MNU000947,Nasi Uduk,Depot makan Enak,Kota Tidak Diketahui
MNU000920,Opor Ayam,Warung Pak Budi,MeDAN
MNU000037,Nasi Uduk,Resto Premium,Tangerang
MNU000652,Soto Ayam Lamongan,Rumah Makan Padang,BOGOR
MNU000254,Cappuccino,Depot Makan Enak,DENPASAR
MNU000304,Ketoprak,DepOt Makan Enak,Kota Tidak Diketahui
MNU000853,Cappuccino,Cafe Kopi Nusamntara,jakarta
MNU000572,Mie Ayam Bakso,Warung Tegal,YOGYAKARTA
MNU000624, ,Warung Tegal,Pekanbaru
MNU000811,Martabak Telor,Warung Pak Budi,Jakarta
MNU000823,Pecel Lele,Cafe Kopi Nusantara,manado
MNU000998,Nasi Padang,RM Sederhana,DEPOK
MNU000263,Nasi Padang,Kedai Soto,yogyakarta
MNU000611,Gado-gado,Depot Makan Enak,Depok
MNU000298, ,Depot Makan Enak,Bekasi
MNU000415,Ketoprak,Warung Pak Budi,DENAPSAR
MNU000151,Cappuccino,Kedai Soo,MEDAN
MNU000899,Mie Ayam Bakso,Warung Tegal,MALANG
MNU000641,Mie Ayam Bakso,Rumah Makan Padang,jAKARTA
MNU000551,Es Teh Manis,Warung Pak Budi,PONTIANAK
MNU000902,Bakso Urat,Warung Tegal,medan
MNU000489,Bakso Urat,Rumah Makan Padang,surabaya
MNU000711,Gado-gado,Rumah Makan Padang,denpasar
MNU000148,Ketoprak,Kedai Soto,jAKARTA
MNU000147,Es Teh Manis,Warung Pak Budi,Yogyakarta
MNU000825,n/a,RM Sederhana,Surabaya
MNU000346,Bakso Urat,Cafe Kopi Nusantara,DEPOK
MNU000846,Pecel Lele,Cafe Kopi Nusantara,Batam
MNU000660,Opor Ayam,Rumah Makan Padang,Kota Tidak Diketahui
MNU000771,Pecel Lele,Deepot Makan Enak,pALEMBANG
MNU000349,Pecel Lele,Warung Pak Budi,Bogor
MNU000464,Gaod-gado,RM Sederhana,Semaraing
MNU000326,Sate Ayam,Resto Premium,Semarang
MNU000187,Es Teh Manis,Warung Pak Budi,Kota Tidak Diketahui
MNU000124,Cappuccino,Kedai Soto,yOGYAKARTA
MNU000974,Jus Alpukat,Warung Pak Budi,Pekanbaru
MNU000609,Bakso Urat,Depot Makan Enak,BOGOR
MNU000144,Gado-gado,Rumah Makan Padang,Depok
MNU000752,Soto Ayam Lamongan,Warung Pak Budi,mAKASSAR
MNU000198,Kopi Susu Gula Aren,Depot Makan Enak,Depok
MNU000610,Roti Bakar,Restoran Tidak Diketahui,Bekasi
MNU000280,Ketoprak,Warung Pak Budi,Kota Tidak Diketahui
MNU000294,Es Teh Manis,RM SederHana,pKEANBARU
MNU000949,Sate Ayam,Warung Pak Budi,Balikpapan
MNU000123,Cappuccino,RM Sederhana,Tangerang
MNU000184,Opor Ayam,Cafe Kopi Nusantra,Depok
MNU000203,Jus Alpukat,Resto Premium,BOGOR
MNU000439,Rendang Daging,Resto Premium,tangerang
MNU000836,Nasi Padang,Depot Makan Enak,Kota Tidak Diketahui
MNU000247,Soto Ayam Lamongan,RM Sederhana,Denpasar
MNU000416,Rendang Daging,Warung Pak Budi,YogyAkarta
MNU000887,Martbak Telor,Warung Tegal,bogor
MNU000874,Soto Ayam Lamongan,Warung Pxak Budi,Pekanbaru
MNU000898,Roti Bakar,Kedai Soto,MEDAN
MNU000878,Bakso Urat,RM Sederhana,surabaya
MNU000509,Martabak Telor,RM Sederhana,Kota Tidak Diketahui
MNU000130,Kopi Susu Gula Aren,Resto Premium,Bogor
MNU000638,Ayam Bakar,Rumah aMkan Padang,Depok
MNU000403,Rendang Daging,Cafe Kopi Nusantara,Batam
MNU000881,Roti Bakar,RM Sederhana,Kota Tidak Diketahui
MNU000736,Soto Ayam Lamongan,Warung Tegal,Makassar
MNU000220,Es Teh Manis,Rumah Makan Padang,MANADO
MNU000642,Rendang Daging,RM SeDerhana,jAKARTA
MNU000002,Sot Ayam Lamongan,Resto Premium,makAssar
MNU000859,Mie Ayam Bakso,RM Sederhana,Bekasi
MNU000918,Mie Ayam Bakso,Kedai Soto,pekanbaru
MNU000081,Cappuccino,Restoran Tidak Diketahui,Yogyakarta
MNU000625,Rendang Daging,Cafe Kopi Nusantara,Manado
MNU000957,Pecel Lele,Rumah Makan Padang,Bekasi
MNU000869,Nasi Uduk,Warung Tegal,Tagnerang
MNU000387,,Warung Tegal,Tangerang
MNU000807,Sate Ayam,Cafe Kopi Nusantara,pEKANBARU
MNU000510,Bakso Urat,Kedai Soto,Tangerang
MNU000268,Jus Alpukat,Rumah Makan Padang,Manado
MNU000933,Jus Alpukat,RM Sederhana,Pontianak
MNU000442,Mie Ayam Bakso,Warung Pak Budi,Kota Tidak Diketahui
MNU000830,Kopi Susu Gula Aren,RM Sederhnaa,Bogor
MNU000113,Es Teh Manis,Restoran Tidak Diketahui,Surabaya
MNU000692,Gado-gado,Resto Premium,BOOR
MNU000233,Es Teh Manis,Warung Tegal,Palembang
MNU000990,Roti Bakar,Restoran Tidak Diketahui,pekanbaru
MNU000608,Roti Bakar,Rumah Makna Padang, 
MNU000672,Tidak Ada,Depot Makan Enak,Pontianak
MNU000374,Nasi Padang,Depot Makan Enak,aBndung
MNU000827,Cappuccino,Warung Tegal,Pekanbaru
MNU000664,Nasi Padang,RM Sederhana,boogor
MNU000962,Rawon Surabaya,Warung Tegal,bogor
MNU000234,Opor Ayam,Warung Tegal,mEDAN
MNU000819,Ayam Bakar,Rumah Makan Padang,Balikpapan
MNU000896,Ketoprak,RM Sederhana,yogyakarta
MNU000677,Roti Bakar,Resto Premium,Batam
MNU000318,Es Teh Manis,Kedai Soto,Kota Tidak Diketahui
MNU000649,Jus Alpukat,Warung Pak Budi,BOGOR
MNU000411,Nasi Padang,Rumah Makan Padang,bALIKPAPAN
MNU000710,Mie Ayam Bakso,Warung Pak Budi,BANDUNG
MNU000359,Rendang Daging,RM Sederhana,malang
MNU000259,Rawon Surabaya,Cafe Kopi Nusantara,Kota Tidak Diketahui
MNU000745,Rendang Daging,Cafe Kopi Nusantara,mEDAN
MNU000628,Bakso Urat,Cafe Kopi Nusantara,Kota Tidak Diketahui
MNU000633,Cappuccino,Warung Tegal,Denpasar
MNU000283,Ayam Bakar,Warung Pak Budi,Banjarmasin
MNU000385,Nasi Uduk,RM SEderhana,Depok
MNU000225,Mie Ayam Bakso,Rumah Makan Padang,Balikpapan
MNU000927,Kopi Susu Gula Aren,Depot Makan Enak,Kota Tidak Diketahui
MNU000473,Rawon Surabaya,Depot Makan Enak,TANGERANG
MNU000348,Bakso Urat,Cafe Kopi Nusantara,Denpasar
MNU000506,Nasi Uduk,Kedai Soto,bogor
MNU000640,Rawon Surabaya,Kedai Soto,malang
MNU000798,Mie Ayam Bakso,Cafe Kopi Nusantara,Semarang
MNU000340,Kopi Susu Gula Aren,RM Sederhana,Pekanbaaru
MNU000556,Martabak Telor,Resto Premium,sEMARANG
MNU000620,Nasi Padang,Restoran Tidak Diketahui,Pontianak
MNU000915,Ketoprak,Depot Makan Enak,palembang
MNU000646,Nasi Goreng Spesial,Kedai Soto,Batam
MNU000966,Gado-gado,Resto Premium,bANJARMASIN
MNU000557,Gdo-gado,Warung Tegal,manado
MNU000682,Es Teh Manis,Rumah Makan Padang,Yogyakarta
MNU000578,Nasi Padang,Cafe Kopi Nusantara,PONTIANAK
MNU000796,Soto Ayam Lamongan,RM Sederhana,pekanbaru
MNU000086,Nasi Uduk,Cafe Kopi Nusantara,SEMARANG
MNU000243,Martabak Telor,Kedai Soto,Kota Tidak Diketahui
MNU000995,Bakso Urat,Resto Premium,bogor
MNU000160,Jus Alpukat,Restoran Tidak Diketahui,depok
MNU000525,Nasi Uduk,RM Sederhana,sURABAYA
MNU000036,Sate Ayam,Resto Premium,Kota Tidak Diketahui
MNU000541,Opor Ayam,Warung Pak Budi,Batam
MNU000171,Rendang Daging,Cafe Kopi Nusantara,Malang
MNU000655,Nasi Goreng Spesial,RM Sedherhana,PEKANBARU
MNU000978,Kopi Susu Gula Aren,Warung Tegal,BANDUNG
MNU000967,Cappuccino,Rumah Makan Padang,Palembaang
MNU000485,Rawon Surabaya,Kedai Soto,Tangerang
MNU000734,Sate Ayam,Warung Tegal,Jakarta
MNU000900,Ayam Bakar,Cafe Kopi Nusantara,Manado
MNU000096,Mie Ayam Bakso,RM Sederhana,PALEMbANG
MNU000564,Opor Ayam,Restoran Tidak Diketahui,bogor
MNU000241,Soto Ayam Lamongan,RM Sederhana,MALANG
MNU000743,Gado-gardo,Restoran Tidak Diketahui,bANDUNG
MNU000864,Sate Ayam,Warung Pak Budi,YOGYAKARTA
MNU000575,Pecel Lele,Resto Premium,Kota Tidak Diketahui
MNU000691,Nasi Padang,Restoran Tidak Diketahui,pontianak
MNU000461,Jus Alpukat,RM Sederhana,Kota Tidak Diketahui
MNU000554,Mie Ayam Bakso,Cafe Kopi Nusantara,Malang
MNU000858,Bakso Urat,Cazfe Kopi Nusantara,Banjarmasin
MNU000999,Cappuccino,Cafe Kopi Nusantara,pEKANBARU
MNU000207,Tidak Ada,Depot Makan Enak,Denpasar
MNU000393,Keoprak,Warung Tegal,BOGOR
MNU000795,Gado-gado,Rumah Makan Padang,Jakarta
MNU000871,Gado-gado,Depot Makan Enak,Kota Tidak Diketahui
MNU000398,Mie Ayam Bakso,Resto Premium,Manado
MNU000767,Es Teh Manis,Warung Tegal,bATAM
MNU000968,Gado-gado,Resto Premium,Malang
MNU000218,Capupccino,Resto Premium,PEKANBARU
MNU000005,Martabak Telor,Kedai Soto,Manado
MNU000769,Rendang Daging,Rumah Makan Padang,sEMARANG
MNU000643,,Resto Premium,manAdo
MNU000943,Kopi Susu Gula Aren,Warung Pak Budi,mAKASSAAR
MNU000613,Nasi Goreng Spesial,Warung Pak Budi,mANADO
MNU000739,Ketoprak,Depot Makan Enak,bandug
MNU000547,Opor Ayam,Warung Tegal,manado
MNU000726,Opor Ayam,Cafe Kopi Nusantara,sEMARANG
MNU000684,Kopi Susu Gula Aren,Warung Pak Budi,Bogor
MNU000099,Bakso Urat,Resto Premium,BALIKPAPAN
MNU000805,Soto Ayam Lamngan,Warung Pak Budi,mALANG
MNU000728,Gado-gado,Cafe Kopi Nusantara,mEDAN
MNU000574,Nasi Goreng Spesial,Rumah Makan Padang,Semarang
MNU000407,Cappuccino,RM Sederhana,Kota Tidak Diketahui
MNU000503,Soto Ayam Lamongan,RM Sederhana,medn
MNU000048,Nasi Uduk,Warung Tegal,Bandung
MNU000930,Nasi Padang,Warung Tegal,Yogyakarta
MNU000780,Rendang Daging,Cafe Kopi Nusantara,PALEMBANG
MNU000840,Nasi UdUk,Cafe Kopi Nusantara,Denpasar
MNU000201,Nasi Uduk,Kedai Soto,BANJARMASIN
MNU000135,Rawon SSurabaya,Rumah Makan Padang,mEDAN
MNU000028,Rendang Daging,REsto Premium,Bailkpapan
MNU000879,Es Teh Manis,Rumah Makan Padang,sURABAYA
MNU000231,Rendang Daging,Depot Makan Enak,Makassar
MNU000490,Gado-gado,Cafe Kopi Nusantara,TANGERANG
MNU000773,Kopi Susu Gula Aren,Warung Tegal,balikpapan
MNU000379,Es Teh Manis,Kedai Soto,Malang
MNU000289,Ayam Bakar,Resto Premium,Maloang
MNU000419,Nasi Goreng Spesial,RM Sederhana,sURABAYA
MNU000675,Nasi Uduk,Depot Makan Enak,Banjarmasin
MNU000392,Rendang Daging,RM Sederhana,Makassar
MNU000593,Gado-gado,RM Sederhana,pontianak
MNU000499,Pecel Lele,Rumah Makan Padang,Pekanbbaru
MNU000139,Bakso Urat,Restoran Tidak Diketahui,bekasi
MNU000063,Nasi tUduk,RM Sederhana,bEKASI
MNU000648,Kopi Susu Gula AAren,Resto Premium,Kota Tidak Diketahui
MNU000129,n/a,Cafe Kopi Nusantara,Bogor
MNU000521,Es Teh Manis,RM Sederhana,Denpasar
MNU000839,Rawon Surabaya,Warung Tegal,Tangerang
MNU000065,Soto Ayam Lamongan,Depot Makan Enak,Suabaya
MNU000813,Soto Aam Lamongan,RM Sederhana,Kota Tidak Diketahui
MNU000157,Nasi Goreng Spesial,Restoran Tidak Diketahui,makassar
MNU000041,Mie Ayam Bakso,Rumah Makan Padang,Depok
MNU000493,Rendan Daging,Rumah Makan Paadang,Pontianak
MNU000380,Pceel Lele,Cafe Kopi Nusantara,Kota Tidak Diketahui
MNU000188,Soto Ayam Lamongan,Kedai Soto,batam
MNU000764,Martabak Telor,Resto Premium,Banjarmasin
MNU000217,Mie Ayam Bakso,Warung pak Budi,Denpasar
MNU000922,Bakso Urat,Depot Makan Enak,sEMARANG
MNU000792,Kopi Susu Gula Aren,Restoran Tidak Diketahui,Balikpqapan
MNU000053,Ketoprak,Resto Premium,bEKASI
MNU000338,Kopi Susu Gula Aren,Kedai Soto,Bekasi
MNU000749,Opor Ayam,Resto Premium,Kota Tidak Diketahui
MNU000720,Rawon Surabaya,Kedai Soto,batam
MNU000296,Sate Ayam,Depot Makan Enak,YOGYAKARTA
MNU000702,Ayam Bakar,Warung Pak Budi,Medan
MNU000252,Mie Ayam Bakso,RM Sedderhana, 
MNU000727,Ayam Bakar,Depot Makan Enak,Yogyakarta
MNU000462,Nasi Padang,Warung Pak Budi,PEKANBARU
MNU000456,Es Teh Manis,Warung Pak Budi,bANJARMASIN
MNU000271,Ayam Bakar,Kedai Soto,Semarang
MNU000816,Mie Ayam BBakso,RM Sederhana,sURABAYA
MNU000863,Cappuccino,Resto Premium,Yogyakarta
MNU000270,Rawon Surabaya,Depot Makan Enak,Manado
MNU000996,Nasi Goreng Spesial,Depot Makan Enak,pEKANBARU
MNU000202, ,Warung Pak Budi,Denpasar
MNU000162,Roti Bakar,KeDai Soto,Banjarmasin
MNU000730,Martabak Telor,Depot Makan Enak,depok
MNU000402,Mie Ayam Bakso,Resto Premium,Denpasar
MNU000703,Opor Ayam,Warung Pak Budi,SURABAYA
MNU000566,Nasi Padang,Kedai Soto,Surabayya
MNU000206,Nasi Goreng Spesial,Warung Tegal,Semarang
MNU000035,Kopi Susu Gula Aren,Resto Premium,Denpasar
MNU000776,Soto Ayam Lamongan,Resto Premium,Pontianak
MNU000092,Nasi Goreng Spesal,Kedai Soto,yOGYAKARTA
MNU000565,Opor Ayam,Resto Premium,Kota Tidak Diketahui
MNU000777,,Depot Makan Enak,Medan
MNU000014,Mie Ayam Bakso,Warung Pak Budi,Pekanbaru
MNU000316,Martabak Telor,Restoran Tidak Diketahui,pALEMBANG
MNU000601,Opor Ayam,Warung Tegal,Pekaunbaru
MNU000388,Pecel Lele,Cafe Kopi Nusantara,Kota Tidak Diketahui
MNU000167,Rawon Surabaya,RM Sederhana,tangerang
MNU000841,-,Warung Tegal,JAKARTA
MNU000021,Kopi Susu Gula Aren,RM Sederhana,medan
MNU000832,Tidak Ada,RM Sederhana,Tangerang
MNU000563,none,RM Sederhana,Banjarmasin
MNU000687,Basko Urat,Cafe Kopi Nusantara,Kota Tidak Diketahui
MNU000958, ,RM Sederhana,Yogyakarta
MNU000190,Bakso Urat,Depot Makan Enak,Malang
MNU000976,Nasi Goreng Spesial,Warung Pak qBudi,dENPASAR
MNU000700,Es Teh Manis,Depot Makan Enak,Pontianak
MNU000511,Rawon Surabaya,Cafe Kopi Nusantara,Banjarmasin
MNU000475,Mie Ayam Bakso,Rumah Makan Padang,Bogor
MNU000857,Nasi Padang,Kedai Soto,mANAADO
MNU000748,Mie Ayam Bakso,Cafe Kopi Nusantara,Kota Tidak Diketahui
MNU000253,Opor Ayam,Warung Pak Budi,mAKASSAR
MNU000022,Martabak Telor,Kedai Soto,Pekanbaru
MNU000460,Sate Ayam,Resto Premium,MAKASSAR
MNU000277,Gado-gado,Depot Makan Enak,Medoan
MNU000956,Ayam Bakar,Rumah Makan Padang,bekasi
MNU000386,Mie Ayam Bakso,Resto Premium,BATAM
MNU000806,Jus Alpukat,Warung Pak Budi,Batam
MNU000344,Rendang Daging,Warung Tegal,Pontianak
MNU000770,Mie Ayam Bakso,Kedai Soto,Manado
MNU000131,Es Teh Manis,Kedai Soto,bekasi
MNU000088,Ayam Bakar,Depot Makan Enak,palembang
MNU000331,Ketoprak,Resto Premium,Tangerang
MNU000467,Rendang Daging,Kedai oto,Medan
MNU000122,Mie Ayam Bakso,Rumah Makan Padang,Kota Tidak Diketahui
MNU000861,Roti Bakar,RM Sederhana,Tangerang
